URL,Último rastreamento
https://blog.viajeguanabara.com.br/movimento-nas-rodoviarias-fim-de-ano-cuidados-economize-com-guanabara/,2026-05-23
https://blog.viajeguanabara.com.br/dicas-para-arrumar-a-mala-para-uma-viagem-de-ferias-na-praia/,2026-05-23
https://blog.viajeguanabara.com.br/10-curiosidades-da-historia-de-natal-rn/,2026-05-23
https://blog.viajeguanabara.com.br/viagem-para-salvador-como-aproveitar-ao-maximo-a-sua-visita/,2026-05-23
https://blog.viajeguanabara.com.br/ofertas-passagens-guanabara-passagens-baratas/,2026-05-23
https://blog.viajeguanabara.com.br/10-vantagens-de-se-viajar-de-onibus/,2026-05-22
https://blog.viajeguanabara.com.br/melhores-festas-juninas/,2026-05-22
https://blog.viajeguanabara.com.br/viaje-com-a-melhor-do-nordeste-por-apenas-r-990/,2026-05-22
https://blog.viajeguanabara.com.br/17-destinos-baratos-para-voce-conhecer-no-nordeste-brasileiro/,2026-05-22
https://blog.viajeguanabara.com.br/natal-rio-grande-do-norte-um-paraiso-de-beleza-natural-e-cultura-rica/,2026-05-22
https://blog.viajeguanabara.com.br/saiba-como-comprar-passagem-de-onibus-barata/,2026-05-22
https://blog.viajeguanabara.com.br/rock-in-rio-x-2024/,2026-05-22
https://blog.viajeguanabara.com.br/guia-completo-para-viajar-de-onibus-com-criancas/,2026-05-22
https://blog.viajeguanabara.com.br/quais-documentos-devo-levar-para-embarcar/,2026-05-22
https://blog.viajeguanabara.com.br/maio-amarelo-guanabara/,2026-05-22
https://blog.viajeguanabara.com.br/,2026-05-22
https://blog.viajeguanabara.com.br/7-curiosidades-sobre-o-rio-de-janeiro/,2026-05-22
https://blog.viajeguanabara.com.br/7-passeios-imperdiveis-em-belo-horizonte/,2026-05-22
https://blog.viajeguanabara.com.br/10-fatos-curiosos-de-recife-pernambuco/,2026-05-22
https://blog.viajeguanabara.com.br/avenida-paulista-domingo/,2026-05-22
https://blog.viajeguanabara.com.br/tag/rondonia/,2026-05-22
https://blog.viajeguanabara.com.br/novidades-guanabara-parceria-rede-accor-e-modalidade-cama/,2026-05-22
https://blog.viajeguanabara.com.br/comprar-passagem-de-onibus-guanabara/,2026-05-22
https://blog.viajeguanabara.com.br/fortaleza-o-que-fazer-e-como-chegar/,2026-05-22
https://blog.viajeguanabara.com.br/nota-guanabara-greve-dos-motoristas/,2026-05-22
https://blog.viajeguanabara.com.br/category/curiosidades/page/2/,2026-05-22
https://blog.viajeguanabara.com.br/madonna-copacabana-dicas/,2026-05-22
https://blog.viajeguanabara.com.br/saiba-como-funciona-o-cancelamento-e-remarcacao-de-viagens-com-a-guanabara/,2026-05-22
https://blog.viajeguanabara.com.br/category/gastronomia/,2026-05-22
https://blog.viajeguanabara.com.br/tag/rock-in-rio/,2026-05-22
https://blog.viajeguanabara.com.br/investimento-nova-frota-onibus-leito-cama-guanabara/,2026-05-22
https://blog.viajeguanabara.com.br/10-curiosidades-incriveis-sobre-fortaleza/,2026-05-22
https://blog.viajeguanabara.com.br/dia-do-busologo/,2026-05-22
https://blog.viajeguanabara.com.br/fortaleza-pesquisa-turistas/,2026-05-22
https://blog.viajeguanabara.com.br/10-dicas-de-restaurantes-na-barra-da-tijuca-onde-comer-na-cidade-maravilhosa/,2026-05-22
https://blog.viajeguanabara.com.br/a-familia-cresceu/,2026-05-22
https://blog.viajeguanabara.com.br/experiencia-imersiva-de-stranger-things-faz-tanto-sucesso-que-ganha-temporada-estendida/,2026-05-22
https://blog.viajeguanabara.com.br/descubra-o-futuro-do-conforto-em-viagens-com-os-novos-servicos-e-horarios-da-guanabara/,2026-05-22
https://blog.viajeguanabara.com.br/guanabara-conecta-voce-ao-universo-spanta/,2026-05-22
https://blog.viajeguanabara.com.br/guanabara-recebe-primeiros-os-onibus-de-15-metros/,2026-05-22
https://blog.viajeguanabara.com.br/viaje-pelo-caribe-brasileiro-de-onibus-com-a-guanabara-guia-completo/,2026-05-22
https://blog.viajeguanabara.com.br/bob-esponja-restaurante-sao-paulo/,2026-05-22
https://blog.viajeguanabara.com.br/guanabara-anuncia-novos-pontos-de-embarque-no-rio-de-janeiro/,2026-05-21
https://blog.viajeguanabara.com.br/lencois-maranhenses-patrimonio-da-humanidade/,2026-05-21
https://blog.viajeguanabara.com.br/mes-do-consumidor-na-guanabara-ate-70-off-de-desconto/,2026-05-21
https://blog.viajeguanabara.com.br/author/blog-viajeguanabara-com-br/page/3/,2026-05-21
https://blog.viajeguanabara.com.br/tag/carnaval/feed/,2026-05-21
https://blog.viajeguanabara.com.br/tag/gratuidade/,2026-05-21
https://blog.viajeguanabara.com.br/tag/viagem-para-recife-de-guanabara/,2026-05-21
https://blog.viajeguanabara.com.br/conheca-palmas-tocantins/,2026-05-21
https://blog.viajeguanabara.com.br/category/dicas-de-viagem/page/3/,2026-05-21
https://blog.viajeguanabara.com.br/gratuidade-viagens-de-onibus-guanabara/,2026-05-21
https://blog.viajeguanabara.com.br/10-dias-de-restaurantes-em-sao-paulo-os-melhores-lugares-para-comer-no-rio-de-janeiro/,2026-05-21
https://blog.viajeguanabara.com.br/a-novica-rebelde-volta-ao-rio-de-janeiro/,2026-05-21
https://blog.viajeguanabara.com.br/tag/divertida-mente-2/,2026-05-21
https://blog.viajeguanabara.com.br/viagem-na-semana-santa/,2026-05-21
https://blog.viajeguanabara.com.br/tag/will-smith/,2026-05-21
https://blog.viajeguanabara.com.br/bora-ja-pra-teresina/,2026-05-21
https://blog.viajeguanabara.com.br/tag/paraiba/,2026-05-21
https://blog.viajeguanabara.com.br/corpus-christi-e-feriado/,2026-05-21
https://blog.viajeguanabara.com.br/joias-da-casa-guanabara/,2026-05-21
https://blog.viajeguanabara.com.br/eventos-pos-carnaval/,2026-05-21
https://blog.viajeguanabara.com.br/desconto-guanabara-bora-ja/,2026-05-21
https://blog.viajeguanabara.com.br/terra-dos-dinos-miguel-pereira/,2026-05-21
https://blog.viajeguanabara.com.br/will-smith-rock-in-rio/,2026-05-21
https://blog.viajeguanabara.com.br/5-passeios-incriveis-para-casais-no-rio-de-janeiro/,2026-05-21
https://blog.viajeguanabara.com.br/tag/rio-grande-do-norte/,2026-05-21
https://blog.viajeguanabara.com.br/guanabara-dia-do-consumidor/,2026-05-21
https://blog.viajeguanabara.com.br/zoologico-de-sao-paulo/,2026-05-21
https://blog.viajeguanabara.com.br/restaurantes-romanticos-em-fortaleza/,2026-05-21
https://blog.viajeguanabara.com.br/as-maravilhas-de-fortaleza-na-alta-temporada/,2026-05-21
https://blog.viajeguanabara.com.br/oktoberfest-sao-paulo-2024/,2026-05-21
https://blog.viajeguanabara.com.br/divertida-mente-2-espaco-tematico/,2026-05-21
https://blog.viajeguanabara.com.br/ferias-criancas-na-regiao-sul/,2026-05-21
https://blog.viajeguanabara.com.br/5-girias-que-voce-so-encontra-no-rio-de-janeiro/,2026-05-21
https://blog.viajeguanabara.com.br/tag/dialeto-do-rio-de-janeiro/,2026-05-20
https://blog.viajeguanabara.com.br/10-curiosidades-sobre-salvador-na-bahia/,2026-05-20
https://blog.viajeguanabara.com.br/category/cultura/,2026-05-20
https://blog.viajeguanabara.com.br/rio-de-janeiro-o-que-fazer-e-como-chegar/,2026-05-20
https://blog.viajeguanabara.com.br/campina-grande-sao-joao/,2026-05-20
https://blog.viajeguanabara.com.br/ferias-criancas-em-brasilia/,2026-05-20
https://blog.viajeguanabara.com.br/saiba-como-funciona-o-viva-fidelidade-programa-de-beneficios-da-guanabara/,2026-05-20
https://blog.viajeguanabara.com.br/casas-de-show-brasil/,2026-05-20
https://blog.viajeguanabara.com.br/melhores-praias-de-fortaleza-um-destino-exuberante/,2026-05-20
https://blog.viajeguanabara.com.br/criancas-na-regiao-norte-ferias/,2026-05-20
https://blog.viajeguanabara.com.br/tag/viagem-guanabara/page/4/,2026-05-19
https://blog.viajeguanabara.com.br/natal-em-minas-gerais/,2026-05-19
https://blog.viajeguanabara.com.br/ferias-criancas-em-belo-horizonte/,2026-05-19
https://blog.viajeguanabara.com.br/tag/black-friday/,2026-05-19
https://blog.viajeguanabara.com.br/tag/para/,2026-05-19
https://blog.viajeguanabara.com.br/tag/viagem-de-onibus/page/2/,2026-05-18
https://blog.viajeguanabara.com.br/tag/melhores-lugares-para-comer/,2026-05-18
https://blog.viajeguanabara.com.br/melhores-destinos-viagem-de-fim-de-ano/,2026-05-18
https://blog.viajeguanabara.com.br/o-que-fazer-em-natal-rn-guia-completo-para-sua-viagem/,2026-05-18
https://blog.viajeguanabara.com.br/seo-e-os-beneficios-para-negocios-de-venda-de-passagens-de-onibus/,2026-05-18
https://blog.viajeguanabara.com.br/exposicao-imersiva-harry-potter-sp/,2026-05-18
https://blog.viajeguanabara.com.br/tag/larissa-manoela/,2026-05-18
https://blog.viajeguanabara.com.br/passagem-de-onibus-antecipado/,2026-05-18
https://blog.viajeguanabara.com.br/tag/harry-potter/,2026-05-18
https://blog.viajeguanabara.com.br/guia-feriados-2024/,2026-05-18
https://blog.viajeguanabara.com.br/cirio-de-nazare-2025-como-chegar-com-a-guanabara/,2026-05-18
https://blog.viajeguanabara.com.br/tag/ladygaga/,2026-05-18
https://blog.viajeguanabara.com.br/author/blog-viajeguanabara-com-br/page/9/,2026-05-18
https://blog.viajeguanabara.com.br/tag/onibus-recife-guanabara/,2026-05-18
https://blog.viajeguanabara.com.br/tag/parana/,2026-05-18
https://blog.viajeguanabara.com.br/tag/lencois-maranhenses/,2026-05-18
https://blog.viajeguanabara.com.br/tag/comidas-tipicas/,2026-05-18
https://blog.viajeguanabara.com.br/tag/madonna/,2026-05-18
https://blog.viajeguanabara.com.br/10-destinos-mais-romanticos-do-brasil-para-casais-apaixonados/,2026-05-18
https://blog.viajeguanabara.com.br/comprar-passagem-onibus-online/,2026-05-18
https://blog.viajeguanabara.com.br/category/tecnologia/,2026-05-18
https://blog.viajeguanabara.com.br/tag/avenida-paulista/,2026-05-18
https://blog.viajeguanabara.com.br/guanabara-a-empresa-pe-quente-do-futebol/,2026-05-18
https://blog.viajeguanabara.com.br/tag/stranger-things/,2026-05-18
https://blog.viajeguanabara.com.br/tag/ibis/,2026-05-18
https://blog.viajeguanabara.com.br/tag/motorista-de-onibus/,2026-05-17
https://blog.viajeguanabara.com.br/10-praias-que-voce-precisa-conhecer-no-nordeste/,2026-05-17
https://blog.viajeguanabara.com.br/category/viagens/,2026-05-17
https://blog.viajeguanabara.com.br/black-friday-guanabara-descontos-de-ate-70/,2026-05-17
https://blog.viajeguanabara.com.br/category/viaje-guanabara/,2026-05-17
https://blog.viajeguanabara.com.br/category/destinos/,2026-05-17
https://blog.viajeguanabara.com.br/tag/guanabara/page/2/,2026-05-17
https://blog.viajeguanabara.com.br/tag/curiosidades-de-salvador/,2026-05-16
https://blog.viajeguanabara.com.br/category/historia-e-cultura/,2026-05-16
https://blog.viajeguanabara.com.br/guanabara-e-livelo/,2026-05-16
https://blog.viajeguanabara.com.br/feriadoes-de-2026-veja-o-calendario-com-todas-as-folgas/,2026-05-16
https://blog.viajeguanabara.com.br/a-viagem-de-ferias-ideal-pra-voce/,2026-05-16
https://blog.viajeguanabara.com.br/pega-o-guanabara-e-vem-pro-show-da-madonna/,2026-05-16
https://blog.viajeguanabara.com.br/ferias-criancas-no-rio-de-janeiro/,2026-05-16
https://blog.viajeguanabara.com.br/ferias-de-janeiro-cupom/,2026-05-16
https://blog.viajeguanabara.com.br/avistamento-de-cetaceos-sp/,2026-05-16
https://blog.viajeguanabara.com.br/quais-os-melhores-pontos-turisticos-do-nordeste/,2026-05-16
https://blog.viajeguanabara.com.br/comidas-brasileiras-patrimonios-culturais/,2026-05-15
https://blog.viajeguanabara.com.br/criancas-no-nordeste-ferias/,2026-05-15
https://blog.viajeguanabara.com.br/viaje-com-a-melhor-do-brasil-com-passagens-a-partir-de-r1990/,2026-05-15
https://blog.viajeguanabara.com.br/tag/viagem-guanabara/,2026-05-15
https://blog.viajeguanabara.com.br/tag/guanabara/,2026-05-15
https://blog.viajeguanabara.com.br/category/novidades/,2026-05-15
https://blog.viajeguanabara.com.br/voce-sabia-2-de-julho-e-dia-da-independencia-da-bahia/,2026-05-15
https://blog.viajeguanabara.com.br/guanabara-operacao-carnaval-seguro/,2026-05-14
https://blog.viajeguanabara.com.br/sao-joao-se-aproxima/,2026-05-14
https://blog.viajeguanabara.com.br/porque-voce-deve-conhecer-o-nordeste-brasileiro/,2026-05-14
https://blog.viajeguanabara.com.br/passagens-com-cupom-black-night-guanabara/,2026-05-14
https://blog.viajeguanabara.com.br/juazeiro-do-norte-fe-cultura-e-tradicao-no-coracao-do-cariri/,2026-05-14
https://blog.viajeguanabara.com.br/aumente-pontos-no-viva-fidelidade/,2026-05-14
https://blog.viajeguanabara.com.br/tag/busologo/,2026-05-14
https://blog.viajeguanabara.com.br/category/viaje-guanabara/page/2/,2026-05-13
https://blog.viajeguanabara.com.br/category/dicas-de-viagem/page/6/,2026-05-13
https://blog.viajeguanabara.com.br/tag/carnaval/,2026-05-12
https://blog.viajeguanabara.com.br/principais-festivais-de-2024/,2026-05-12
https://blog.viajeguanabara.com.br/category/curiosidades/,2026-05-12
https://blog.viajeguanabara.com.br/category/dicas-de-viagem/,2026-05-12
https://blog.viajeguanabara.com.br/tag/amapa/,2026-05-12
https://blog.viajeguanabara.com.br/tag/sao-paulo/page/2/,2026-05-12
https://blog.viajeguanabara.com.br/tag/festa-junina/,2026-05-12
https://blog.viajeguanabara.com.br/tag/viva-fidelidade/,2026-05-11
https://blog.viajeguanabara.com.br/maio-amarelo-o-que-e-e-como-isso-e-importante-pra-voce/,2026-05-11
https://blog.viajeguanabara.com.br/tag/praia-de-cobacabana/,2026-05-10
https://blog.viajeguanabara.com.br/tag/tocantins/,2026-05-09
https://blog.viajeguanabara.com.br/tag/paixao-de-cristo/,2026-05-09
https://blog.viajeguanabara.com.br/tag/viagem-de-onibus/page/5/,2026-05-09
https://blog.viajeguanabara.com.br/author/blog-viajeguanabara-com-br/page/5/,2026-05-09
https://blog.viajeguanabara.com.br/onde-comer-no-rio-de-janeiro/,2026-05-09
https://blog.viajeguanabara.com.br/tag/bob-esponja/,2026-05-09
https://blog.viajeguanabara.com.br/tag/copacabana/,2026-05-08
https://blog.viajeguanabara.com.br/programacao-festa-de-nossa-senhora-aparecida-2025/,2026-05-08
https://blog.viajeguanabara.com.br/tag/destinos-para-casais/,2026-05-08
https://blog.viajeguanabara.com.br/author/blog-viajeguanabara-com-br/,2026-05-08
https://blog.viajeguanabara.com.br/o-que-fazer-com-criancas-em-sao-paulo/,2026-05-08
https://blog.viajeguanabara.com.br/tag/passeios-para-casais/,2026-05-08
https://blog.viajeguanabara.com.br/author/blog-viajeguanabara-com-br/page/4/,2026-05-07
https://blog.viajeguanabara.com.br/tag/oktoberfest-sao-paulo-2024/,2026-05-07
https://blog.viajeguanabara.com.br/destinos-para-relaxar-carnaval/,2026-05-07
https://blog.viajeguanabara.com.br/category/destinos/page/5/,2026-05-06
https://blog.viajeguanabara.com.br/tag/curiosidades-de-recife/,2026-05-06
https://blog.viajeguanabara.com.br/5-pontos-turisticos-em-belo-horizonte-que-voce-precisa-conhecer/,2026-05-06
https://blog.viajeguanabara.com.br/o-que-fazer-em-fortaleza-como-chegar-de-guanabara/,2026-05-06
https://blog.viajeguanabara.com.br/5-pontos-turisticos-em-salvador-que-voce-precisa-conhecer/,2026-05-06
https://blog.viajeguanabara.com.br/tag/parque-villa-lobos/,2026-05-05
https://blog.viajeguanabara.com.br/destinos-para-fugir-do-agito-ano-novo/,2026-05-05
https://blog.viajeguanabara.com.br/guanabara-desembarca-no-rock-the-mountain-2025/,2026-05-05
https://blog.viajeguanabara.com.br/tag/viagem-de-onibus/page/4/,2026-05-05
https://blog.viajeguanabara.com.br/tag/greve-de-onibus/,2026-05-05
https://blog.viajeguanabara.com.br/tag/corpus-christi/,2026-05-05
https://blog.viajeguanabara.com.br/tag/viagem-guanabara/page/5/,2026-05-05
https://blog.viajeguanabara.com.br/tag/baleia/,2026-05-05
https://blog.viajeguanabara.com.br/tag/salto/,2026-05-04
https://blog.viajeguanabara.com.br/festival-sarara-2024/,2026-05-03
https://blog.viajeguanabara.com.br/author/luana/,2026-05-02
https://blog.viajeguanabara.com.br/halloween-passeio-de-trem/,2026-05-01
https://blog.viajeguanabara.com.br/melhores-festas-de-carnaval-2024/,2026-04-30
https://blog.viajeguanabara.com.br/author/blog-viajeguanabara-com-br/page/12/,2026-04-30
https://blog.viajeguanabara.com.br/tag/passagem-de-onibus/page/3/,2026-04-30
https://blog.viajeguanabara.com.br/category/dicas-de-viagem/page/5/,2026-04-30
https://blog.viajeguanabara.com.br/tag/passagens-de-onibus/,2026-04-30
https://blog.viajeguanabara.com.br/tag/ferias-na-praia/,2026-04-30
https://blog.viajeguanabara.com.br/category/destinos/page/3/,2026-04-29
https://blog.viajeguanabara.com.br/viagem-melhores-festas-de-ano-novo/,2026-04-29
https://blog.viajeguanabara.com.br/tag/passagem-de-onibus-belo-horizonte-rio-de-janeiro/,2026-04-28
https://blog.viajeguanabara.com.br/tag/netflix/,2026-04-28
https://blog.viajeguanabara.com.br/tag/feriadoes/,2026-04-27
https://blog.viajeguanabara.com.br/o-que-fazer-em-belo-horizonte-como-chegar-de-guanabara/,2026-04-27
https://blog.viajeguanabara.com.br/tag/norte/,2026-04-26
https://blog.viajeguanabara.com.br/tag/livelo/,2026-04-26
https://blog.viajeguanabara.com.br/tag/campin-grande/,2026-04-26
https://blog.viajeguanabara.com.br/tag/halloween/,2026-04-26
https://blog.viajeguanabara.com.br/tag/lugares-para-visitar-em-recife/,2026-04-26
https://blog.viajeguanabara.com.br/tag/pelotas/,2026-04-26
https://blog.viajeguanabara.com.br/tag/guanabara-em-greve/,2026-04-26
https://blog.viajeguanabara.com.br/tag/distrito-federal/,2026-04-25
https://blog.viajeguanabara.com.br/tag/passagem-de-onibus/page/6/,2026-04-24
https://blog.viajeguanabara.com.br/tag/minas-gerais/,2026-04-24
https://blog.viajeguanabara.com.br/tag/promocao/,2026-04-24
https://blog.viajeguanabara.com.br/tag/passagem-de-onibus/page/2/,2026-04-22
https://blog.viajeguanabara.com.br/tag/pixar/,2026-04-22
https://blog.viajeguanabara.com.br/tag/lugares-pra-comer-na-barra-da-tijuca/,2026-04-22
https://blog.viajeguanabara.com.br/tag/dia-do-busologo/,2026-04-22
https://blog.viajeguanabara.com.br/por-que-caronas-informais-podem-ser-perigosas-guanabara-explica/,2026-04-22
https://blog.viajeguanabara.com.br/tag/ferias/,2026-04-21
https://blog.viajeguanabara.com.br/tag/palmas/,2026-04-20
https://blog.viajeguanabara.com.br/tag/teresina/,2026-04-20
https://blog.viajeguanabara.com.br/category/dicas-de-viagem/page/4/,2026-04-20
https://blog.viajeguanabara.com.br/9-de-julho-feriado/,2026-04-19
https://blog.viajeguanabara.com.br/tag/viagem-para-praia-com-o-guanabara/,2026-04-18
https://blog.viajeguanabara.com.br/tag/motoristas-em-greve/,2026-04-18
https://blog.viajeguanabara.com.br/tag/pascoa/,2026-04-18
https://blog.viajeguanabara.com.br/category/viagens/page/2/,2026-04-17
https://blog.viajeguanabara.com.br/tag/ferias-de-janeiro/,2026-04-11
https://blog.viajeguanabara.com.br/tag/pontos-turisticos/,2026-04-09
https://blog.viajeguanabara.com.br/tag/fortaleza/,2026-04-09
https://blog.viajeguanabara.com.br/tag/viajar-com-a-guanabara/,2026-04-09
https://blog.viajeguanabara.com.br/tag/comidas-brasileiras/,2026-04-08
https://blog.viajeguanabara.com.br/tag/piaui/,2026-04-08
https://blog.viajeguanabara.com.br/acao-solidaria-da-guanabara-reforca-estoque-do-hemorio/,2026-04-08
https://blog.viajeguanabara.com.br/a-guanabara-marcou-presenca-no-rock-the-mountain-2025/,2026-04-08
https://blog.viajeguanabara.com.br/passagens-desconto-black-friday-guanabara/,2026-04-07
https://blog.viajeguanabara.com.br/tag/viagem-guanabara/page/6/,2026-04-05
https://blog.viajeguanabara.com.br/tag/rio-de-janeiro/,2026-04-05
https://blog.viajeguanabara.com.br/category/cultura/page/3/,2026-04-05
https://blog.viajeguanabara.com.br/tag/ceara/,2026-04-05
https://blog.viajeguanabara.com.br/tag/sarara/,2026-04-05
https://blog.viajeguanabara.com.br/tag/transporte-rodoviario/,2026-04-05
https://blog.viajeguanabara.com.br/tag/brasilia/,2026-04-05
https://blog.viajeguanabara.com.br/antecipe-se-e-viaje-nos-proximos-feriados-de-2023-pagando-mais-barato/,2026-04-05
https://blog.viajeguanabara.com.br/tag/gastronomia/,2026-04-05
https://blog.viajeguanabara.com.br/tag/cupom-de-desconto/,2026-04-02
https://blog.viajeguanabara.com.br/tag/semana-santa/,2026-04-02
https://blog.viajeguanabara.com.br/tag/2024/,2026-04-02
https://blog.viajeguanabara.com.br/tag/lollapalooza/,2026-04-02
https://blog.viajeguanabara.com.br/tag/pos-carnaval/,2026-04-02
https://blog.viajeguanabara.com.br/tag/zoologico/,2026-04-02
https://blog.viajeguanabara.com.br/tag/cetaceos/,2026-04-02
https://blog.viajeguanabara.com.br/tag/o-que-fazer-no-rio/,2026-04-02
https://blog.viajeguanabara.com.br/tag/onde-comer-no-rio-de-janeiro/,2026-04-02
https://blog.viajeguanabara.com.br/tag/historia-de-natal/,2026-03-31
https://blog.viajeguanabara.com.br/tag/passagens-rodoviarias/,2026-03-31
https://blog.viajeguanabara.com.br/tag/passeio-casal/,2026-03-31
https://blog.viajeguanabara.com.br/author/anderson-bomfimvivafidelidade-com-br/,2026-03-31
https://blog.viajeguanabara.com.br/tag/fatos-curiosos-de-salvador/,2026-03-30
https://blog.viajeguanabara.com.br/tag/disney/,2026-03-30
https://blog.viajeguanabara.com.br/author/blog-viajeguanabara-com-br/page/6/,2026-03-30
https://blog.viajeguanabara.com.br/author/blog-viajeguanabara-com-br/page/7/,2026-03-30
https://blog.viajeguanabara.com.br/tag/seo/,2026-03-29
https://blog.viajeguanabara.com.br/tag/viagem/page/3/,2026-03-29
https://blog.viajeguanabara.com.br/tag/restaurante/,2026-03-29
https://blog.viajeguanabara.com.br/tag/viagem/page/4/,2026-03-29
https://blog.viajeguanabara.com.br/tag/vivafidelidade/,2026-03-28
https://blog.viajeguanabara.com.br/tag/guanabara/page/4/,2026-03-27
https://blog.viajeguanabara.com.br/tag/guanabara/page/5/,2026-03-27
https://blog.viajeguanabara.com.br/tag/curiosidades/,2026-03-27
https://blog.viajeguanabara.com.br/author/blog-viajeguanabara-com-br/page/2/,2026-03-27
https://blog.viajeguanabara.com.br/tag/santa-catarina/,2026-03-27
https://blog.viajeguanabara.com.br/category/viaje-guanabara/page/3/,2026-03-27
https://blog.viajeguanabara.com.br/tag/passagem-de-onibus/,2026-03-27
https://blog.viajeguanabara.com.br/tag/acre/,2026-03-27
https://blog.viajeguanabara.com.br/author/blog-viajeguanabara-com-br/page/8/,2026-03-27
https://blog.viajeguanabara.com.br/tag/feriados-2024/,2026-03-26
https://blog.viajeguanabara.com.br/tag/feriado-prolongado/,2026-03-25
https://blog.viajeguanabara.com.br/tag/desconto/page/2/,2026-03-23
https://blog.viajeguanabara.com.br/tag/ecoturismo/,2026-03-23
https://blog.viajeguanabara.com.br/category/destinos/page/2/,2026-03-23
https://blog.viajeguanabara.com.br/tag/dicas/,2026-03-23
https://blog.viajeguanabara.com.br/tag/passagem-de-onibus/page/5/,2026-03-22
https://blog.viajeguanabara.com.br/tag/fim-de-ano/,2026-03-21
https://blog.viajeguanabara.com.br/tag/viagem/page/2/,2026-03-19
https://blog.viajeguanabara.com.br/tag/feriado/,2026-03-18
https://blog.viajeguanabara.com.br/tag/viagem-guanabara/page/2/,2026-03-15
https://blog.viajeguanabara.com.br/tag/viagem/page/5/,2026-03-14
https://blog.viajeguanabara.com.br/tag/criancas/,2026-03-12
https://blog.viajeguanabara.com.br/tag/ferias/page/2/,2026-03-11
https://blog.viajeguanabara.com.br/tag/itu/,2026-03-10
https://blog.viajeguanabara.com.br/author/blog-viajeguanabara-com-br/page/10/,2026-03-09
https://blog.viajeguanabara.com.br/tag/lugares-para-casais-viajarem/,2026-03-07
https://blog.viajeguanabara.com.br/tag/viagem/page/6/,2026-03-07
https://blog.viajeguanabara.com.br/tag/curiosidades-de-natal/,2026-03-05
https://blog.viajeguanabara.com.br/tag/sul/,2026-03-05
https://blog.viajeguanabara.com.br/tag/restaurantes-na-barra-da-tijuca/,2026-03-05
https://blog.viajeguanabara.com.br/tag/9-de-julho/,2026-03-05
https://blog.viajeguanabara.com.br/tag/shows/,2026-03-04
https://blog.viajeguanabara.com.br/tag/feriados/,2026-03-04
https://blog.viajeguanabara.com.br/tag/viagem-guanabara/page/3/,2026-03-04
https://blog.viajeguanabara.com.br/tag/reveillon/,2026-03-04
https://blog.viajeguanabara.com.br/tag/viagem/,2026-03-04
https://blog.viajeguanabara.com.br/tag/restaurantes-em-sao-paulo/,2026-03-04
https://blog.viajeguanabara.com.br/tag/greve-guanabara/,2026-03-04
https://blog.viajeguanabara.com.br/category/cultura/page/2/,2026-03-04
https://blog.viajeguanabara.com.br/tag/guanabara-passagem/,2026-03-04
https://blog.viajeguanabara.com.br/tag/viagem-gastronomica/,2026-03-04
https://blog.viajeguanabara.com.br/tag/onibus/,2026-03-04
https://blog.viajeguanabara.com.br/tag/rock-in-rio-x/,2026-03-04
https://blog.viajeguanabara.com.br/tag/passagem-de-onibus-guanabara/,2026-03-04
https://blog.viajeguanabara.com.br/tag/passagem-de-onibus/page/7/,2026-03-04
https://blog.viajeguanabara.com.br/tag/festas-de-ano-novo/,2026-03-04
https://blog.viajeguanabara.com.br/tag/festival-de-cultura-alema/,2026-03-04
https://blog.viajeguanabara.com.br/tag/guanabara/page/6/,2026-03-04
https://blog.viajeguanabara.com.br/tag/sao-joao/,2026-03-04
https://blog.viajeguanabara.com.br/tag/nordeste/,2026-03-04
https://blog.viajeguanabara.com.br/category/destinos/page/4/,2026-03-03
https://blog.viajeguanabara.com.br/tag/guanabara/page/3/,2026-03-02
https://blog.viajeguanabara.com.br/tag/bahia/,2026-03-01
https://blog.viajeguanabara.com.br/tag/natal/,2026-03-01
https://blog.viajeguanabara.com.br/tag/viagem-para-casais/,2026-02-28
https://blog.viajeguanabara.com.br/tag/passagem-de-onibus/page/4/,2026-02-26
https://blog.viajeguanabara.com.br/tag/fatos-bizarros-de-salvador/,2026-02-26
https://blog.viajeguanabara.com.br/tag/comprar-passagem/,2026-02-26
https://blog.viajeguanabara.com.br/tag/festival/,2026-02-25
https://blog.viajeguanabara.com.br/tag/festas-juninas/,2026-02-25
https://blog.viajeguanabara.com.br/category/dicas-de-viagem/page/2/,2026-02-24
https://blog.viajeguanabara.com.br/tag/belo-horizonte/,2026-02-21
https://blog.viajeguanabara.com.br/tag/viagem-de-onibus/,2026-02-21
https://blog.viajeguanabara.com.br/tag/ano-novo/,2026-02-21
https://blog.viajeguanabara.com.br/viaje-guanabara-show-lady-gaga-rio-de-janeiro/,2026-02-21
https://blog.viajeguanabara.com.br/tag/viagem-de-onibus/page/6/,2026-02-20
https://blog.viajeguanabara.com.br/tag/julho/,2026-02-20
https://blog.viajeguanabara.com.br/tag/desconto/,2026-02-20
https://blog.viajeguanabara.com.br/tag/sao-paulo/,2026-02-20
https://blog.viajeguanabara.com.br/tag/patrimonio-natural-da-humanidade/,2026-02-20
https://blog.viajeguanabara.com.br/category/viaje-guanabara/page/4/,2026-02-18
https://blog.viajeguanabara.com.br/tag/viagem/page/7/,2026-02-17
https://blog.viajeguanabara.com.br/tag/viagem-guanabara/page/7/,2026-02-17
https://blog.viajeguanabara.com.br/tag/melhores-lugares-pra-comer-no-rio-de-janeiro/,2026-02-15
https://blog.viajeguanabara.com.br/tag/coisas-para-fazer-em-belo-horizonte/,2026-02-15
https://blog.viajeguanabara.com.br/tag/festivais/,2026-02-14
https://blog.viajeguanabara.com.br/pagina-exemplo/,2026-02-12
https://blog.viajeguanabara.com.br/tag/viagem-de-onibus/page/3/,2026-02-12
https://blog.viajeguanabara.com.br/tag/ponto-facultativo/,2026-02-10
https://blog.viajeguanabara.com.br/tag/restaurantes-no-rio-de-janeiro/,2026-02-10
https://blog.viajeguanabara.com.br/tag/coisas-pra-fazer-em-casal/,2026-02-08
https://blog.viajeguanabara.com.br/tag/amazonas/,2026-02-07
https://blog.viajeguanabara.com.br/tag/viagem-de-onibus/page/7/,2026-01-30
https://blog.viajeguanabara.com.br/tag/maranhao/,2026-01-28