Top consultas,Cliques,Impressões,CTR,Posição
guanabara,482725,7023638,6.87%,1.68
expresso guanabara,71700,613842,11.68%,1.07
guanabara passagens,54936,673537,8.16%,1.04
guanabara passagem,36990,492658,7.51%,1.14
guanabara onibus,33300,362280,9.19%,1.04
passagem guanabara,30961,493296,6.28%,1.42
viação guanabara,28927,263452,10.98%,1.02
viaje guanabara,24278,253176,9.59%,1.01
guanabara util,15929,171216,9.3%,1.03
real expresso,12995,303462,4.28%,4.42
passagens guanabara,12657,164749,7.68%,1.07
util guanabara,11941,129588,9.21%,1.08
util,11697,288565,4.05%,3.52
guanabara ônibus,10120,139618,7.25%,1.04
guanabara viação,8408,85955,9.78%,1.03
guanabara expresso,7423,87259,8.51%,1.05
viagem guanabara,6936,93001,7.46%,1.02
guanabara real expresso,6619,53916,12.28%,1.35
guanabara fortaleza,5878,102193,5.75%,1.56
viacao guanabara,5205,44395,11.72%,1.01
guanabara express,5062,47801,10.59%,1.23
viação util,3874,72419,5.35%,4.22
guanabara teresina,3835,70740,5.42%,1.88
passagem de ônibus guanabara,3779,48904,7.73%,1.28
onibus guanabara,3250,54880,5.92%,1.24
empresa guanabara,3066,28185,10.88%,2.1
guanabara passagens tabela de preços,2787,34256,8.14%,1.87
guanabara sobral,2707,41824,6.47%,1.15
guanabara comprar passagem,2705,28397,9.53%,1.02
comprar passagem guanabara,2474,22253,11.12%,1.06
guanabra,2402,34960,6.87%,1.67
guanabara bus,2365,7339,32.23%,1.5
util passagens,2349,44533,5.27%,3.35
site guanabara,1991,37263,5.34%,1.26
guanabara sao luis,1910,37459,5.1%,2.03
viajeguanabara,1900,19359,9.81%,1.02
real expresso guanabara,1889,20980,9%,2.13
util passagem,1805,35713,5.05%,3.49
expresso guanabara passagens,1739,16559,10.5%,1.09
viação guanabara util,1555,13440,11.57%,1.26
util onibus,1534,40256,3.81%,4.28
guana,1496,11896,12.58%,5.97
guanabara passagem de ônibus,1451,15971,9.09%,1.08
site da guanabara,1451,15802,9.18%,1.07
viacao util,1415,22441,6.31%,4.03
ônibus guanabara,1372,29944,4.58%,1.86
passagem de onibus,1369,170671,0.8%,8.48
guanabara recife,1333,20892,6.38%,2.43
guanabara telefone,1308,41029,3.19%,3.68
gunabara,1303,20430,6.38%,1.73
guanabara viagem,1190,13035,9.13%,1.01
guanabara passagem online,1060,12862,8.24%,1.01
guanabara joão pessoa,1015,22734,4.46%,1.99
guanabara viagens,993,11258,8.82%,1.02
guanabara brasilia,988,14385,6.87%,1.62
empresa de ônibus guanabara,971,11541,8.41%,1.89
rapido federal,966,44706,2.16%,5.88
guanabara juazeiro do norte,965,19844,4.86%,2.08
guanabara site oficial,858,11418,7.51%,1.21
passagem guanabara fortaleza,842,10580,7.96%,1.34
guanabar,832,15878,5.24%,1.87
viação guanabara passagens,829,9673,8.57%,1.01
guanabara util onibus,798,8176,9.76%,1.39
guanabara parnaiba,772,22059,3.5%,2.78
viação util guanabara,762,8261,9.22%,1.17
útil guanabara,746,8682,8.59%,1.33
guanbara,724,10742,6.74%,1.82
expressoguanabara,694,6510,10.66%,1.05
guanabara rapido federal,683,5126,13.32%,1.87
viaçao guanabara,676,5584,12.11%,1.04
guanabara site,667,8141,8.19%,1.5
guanabara viacao,666,5362,12.42%,1.01
passagens de onibus guanabara,664,7854,8.45%,1.14
util viação,663,11923,5.56%,4.17
guanabara campina grande,656,14056,4.67%,2.06
passagem util,634,13262,4.78%,3.14
real expresso passagens,623,18597,3.35%,5.88
guanabara belem,596,7094,8.4%,2.3
guanabara onibus passagem,592,5558,10.65%,1.06
real expresso passagem,583,21301,2.74%,6.61
passagem de onibus guanabara,577,6317,9.13%,1.14
guanabara joao pessoa,576,11561,4.98%,1.93
guanabara passagens online,571,5838,9.78%,1.01
guanaba,555,12475,4.45%,5.85
www.guanabara,545,7130,7.64%,1.5
viagens guanabara,534,7477,7.14%,1
passagens guanabara site oficial,523,2873,18.2%,1
site guanabara oficial,516,7608,6.78%,1.07
guanabara util passagem,516,4112,12.55%,1.07
guanabara id jovem,511,8834,5.78%,4.49
guanabara telefone rodoviária,492,17949,2.74%,3.87
guanabara gratuidade,491,1923,25.53%,2.02
guanabara transportes,490,6401,7.66%,1.54
guanabara mossoró,488,9523,5.12%,1.87
guanabara caxias,482,3117,15.46%,6.39
guanabara whatsapp,475,9822,4.84%,4.47
guanabara salvador,473,9444,5.01%,1.95
guanabara empresa de ônibus,471,5061,9.31%,1.67
viação sampaio,470,31670,1.48%,7.56
viage guanabara,457,5403,8.46%,1.03
ganabara,455,9145,4.98%,1.72
passagem de guanabara,447,8140,5.49%,1.17
viação útil,445,6855,6.49%,4.21
guanabara horários,440,11895,3.7%,3.84
guanabara quixeramobim,435,7158,6.08%,3.41
compra de passagem guanabara,431,2754,15.65%,1.14
guanabara oficial,424,8058,5.26%,1.05
guanabara transporte,411,9143,4.5%,2.74
guanabara petrolina,411,7479,5.5%,1.05
guanabara passagens onibus,404,4454,9.07%,1.03
passagem onibus guanabara,395,4107,9.62%,1.06
passagem da guanabara,388,4497,8.63%,1.38
localizador guanabara,386,3161,12.21%,2.37
expresso guanabara passagem,383,4795,7.99%,1.07
guanabara passagens de ônibus,381,4083,9.33%,1.13
viação real expresso,376,12702,2.96%,7.13
guanaraba,364,5534,6.58%,1.69
guanabara bus brazil,364,1856,19.61%,1.4
guanabara sampaio,353,3849,9.17%,1.36
grupo guanabara,350,18581,1.88%,7.01
guanabara onibus passagens,343,3925,8.74%,1.03
guanabara natal fortaleza,340,6608,5.15%,3.11
site oficial guanabara,338,4905,6.89%,1.16
rapido federal guanabara,336,3902,8.61%,1.69
viação sampaio guanabara,332,3637,9.13%,2.07
passagens de onibus,331,27575,1.2%,9.74
auto viação guanabara,326,3349,9.73%,1.03
remarcar passagem guanabara,324,3614,8.97%,2.9
passagens de ônibus guanabara,322,4530,7.11%,1.34
util guanabara passagem,320,3406,9.4%,1.05
www guanabara com br passagens,318,3516,9.04%,1.52
util guanabara passagens,318,3404,9.34%,1.07
guanabara ônibus passagem,312,4258,7.33%,1.05
guanabara localizador,311,1334,23.31%,1.91
guanabara barreirinhas,308,5115,6.02%,2.07
guanabara são luis,304,4636,6.56%,1.94
guanabara iguatu,303,6743,4.49%,2.21
guanabara passagem onibus,302,4802,6.29%,1.04
guanavara,297,6806,4.36%,2.11
guanabara.,297,5702,5.21%,1.67
agencia guanabara,289,4500,6.42%,2.52
sampaio guanabara,286,3288,8.7%,1.53
site do guanabara,281,7413,3.79%,2.6
sigla guanabara,280,7001,4%,4.16
passagem de ônibus para fortaleza,272,14425,1.89%,6.65
telefone guanabara,272,10871,2.5%,4
whatsapp guanabara,271,7218,3.75%,4.45
guanabara.com.br passagens,270,2667,10.12%,1
site guanabara passagens,267,3932,6.79%,1
site oficial da guanabara,267,3017,8.85%,1.05
guanabara quixada,266,4236,6.28%,3.1
guanabara turismo,264,3336,7.91%,1.38
guanabara picos,263,3747,7.02%,1.98
guanabara útil,263,2148,12.24%,1.08
util.com.br,263,1389,18.93%,1
viação guanabara telefone,258,7185,3.59%,3.09
realexpresso,255,4603,5.54%,4.23
guanab,255,2244,11.36%,2.31
guanabata,253,5379,4.7%,2.04
passagem de ônibus,251,23374,1.07%,13.6
sac guanabara,246,7157,3.44%,4.97
guanabara viaje,240,2004,11.98%,1.06
guanabara cajazeiras,239,6537,3.66%,2.02
guanabara util passagens,237,2147,11.04%,1.03
passagens guanabara fortaleza,232,2888,8.03%,1.04
util onibus passagem,230,1647,13.96%,4.67
compra passagem guanabara,229,3380,6.78%,1.06
gianabara,226,4387,5.15%,2.15
passagens util,226,3746,6.03%,3.47
guanabara itapipoca,220,3979,5.53%,1.99
rápido federal,218,11774,1.85%,6.57
guanabara bacabal,217,6053,3.58%,2.91
guanabara sousa,216,1653,13.07%,3.06
site da empresa guanabara,216,1221,17.69%,1.56
guanambara,208,2879,7.22%,1.14
cancelar passagem guanabara,206,3563,5.78%,3.52
trocar passagem guanabara,205,2418,8.48%,3.25
viacao sampaio,203,8636,2.35%,7.11
guanabara sousa pb,202,1303,15.5%,2.76
guanabara pombal,199,1287,15.46%,2.6
guanabara patos,196,8751,2.24%,4.17
real guanabara,196,2072,9.46%,1.52
guanabara remarcar passagem,196,1487,13.18%,2.64
guanabara leito,195,7322,2.66%,3.91
guanabara são paulo,193,3512,5.5%,1.94
passagem guanabara joao pessoa,192,1123,17.1%,1.64
guanabara fortaleza recife,191,2307,8.28%,1.36
empresa guanabara de ônibus,190,3129,6.07%,1.79
passagem de ônibus para fortaleza guanabara,189,2409,7.85%,2.55
guanabara maceió,188,3831,4.91%,2.08
guabara,188,3728,5.04%,1.79
guamabara,185,3578,5.17%,2.01
expreso guanabara,181,690,26.23%,1.13
viajeguanabara.com.br,178,2229,7.99%,1.03
útil passagem,177,3795,4.66%,3.74
guababara,177,3494,5.07%,1.98
guanabara juiz de fora,177,3098,5.71%,1.53
quanabara,175,4661,3.75%,2.17
site guanabara ônibus,174,1997,8.71%,1.19
viagem guanabara.com.br,173,2977,5.81%,1
guanabara teresina fortaleza,173,2565,6.74%,2.01
viaje guanabara passagem,170,1716,9.91%,1.06
expresso guanabara site oficial,169,1139,14.84%,1.02
viação expresso guanabara,168,2261,7.43%,1.52
viajeguanabara.com.br guanabara,166,3654,4.54%,1.01
guanabara real expresso uberlandia,164,2142,7.66%,2.12
guanabara natal,162,12790,1.27%,5.4
guanabara contato,159,3121,5.09%,3.44
viaçao util,159,2795,5.69%,3.64
passagem para fortaleza guanabara,159,2365,6.72%,1.88
passagem guanabara sao luis,159,1379,11.53%,1.11
passagem guanabara online,156,2433,6.41%,1.04
passagem do guanabara,154,4433,3.47%,1.1
guanara,153,7093,2.16%,1.87
viaje guanabara oficial,153,1523,10.05%,1
útil passagens,152,2912,5.22%,3.71
viaçao guanabara passagem,152,1550,9.81%,1.03
expresso guanabra,152,1163,13.07%,1.05
whatsapp expresso guanabara telefone,150,15477,0.97%,7.5
guanabara fortaleza telefone,150,4849,3.09%,3.5
guanabara rio de janeiro,149,5309,2.81%,6.07
transporte guanabara,148,10431,1.42%,6.33
guanarabara,148,2437,6.07%,1.51
passagem guanabara onibus,148,2319,6.38%,1.43
guanabara timon,146,2693,5.42%,3.92
passagem no guanabara,146,2172,6.72%,1.6
guanabara compra online,145,1212,11.96%,5.65
passagem onibus,143,19326,0.74%,12.51
site da guanabara para comprar passagem,142,1415,10.04%,1
guanabara passagens tabela de preços 2025,141,1633,8.63%,1.91
espresso guanabara,141,1207,11.68%,1.11
passagem real expresso,140,4727,2.96%,5.72
guanabara ribeirão preto,140,1694,8.26%,4.37
viação guanabara comprar passagem,140,1601,8.74%,1.01
empresa de onibus guanabara,138,1890,7.3%,2.28
empresa guanabara ônibus,138,1842,7.49%,1.86
guanabara brisa,138,1381,9.99%,1.02
passagem na guanabara,137,2452,5.59%,1.33
util viacao,137,2023,6.77%,3.22
www.viajeguanabara.com.br,137,1471,9.31%,1
viação guanabara fortaleza,137,1249,10.97%,1.8
guiche guanabara,136,3251,4.18%,2.07
venda de passagem guanabara,136,1441,9.44%,1.73
guanabara trocar passagem,136,1434,9.48%,3.07
expresso.guanabara,134,1214,11.04%,1.07
ônibus da guanabara,133,5976,2.23%,3.12
passagem ônibus guanabara,131,1838,7.13%,1.14
guanabara recife fortaleza,130,1915,6.79%,1.54
guanabara real expresso onibus,130,1327,9.8%,1.34
www guanabara,130,1021,12.73%,1.29
passagem guanabara comprar,129,1309,9.85%,1.05
guanabara expresso passagem,129,1247,10.34%,1.17
passagem.guanabara,127,2156,5.89%,1.42
telefone guanabara fortaleza,126,6683,1.89%,3.61
agência guanabara,126,3531,3.57%,2.5
guarabara,126,2736,4.61%,1.77
gaunabara,126,1724,7.31%,1.77
guanabara.com.br,126,1477,8.53%,1.44
comprar passagens guanabara,126,1433,8.79%,1.11
rapido federal passagens,125,4963,2.52%,7.14
guarnabara,123,2348,5.24%,1.58
express guanabara,123,1006,12.23%,1.08
passagem de ônibus para juazeiro do norte guanabara,122,1824,6.69%,2.99
onibus util guanabara,120,1503,7.98%,1.8
viaje guanabara passagens,120,1137,10.55%,1.49
guanabara barreiras,119,4981,2.39%,5.43
guanabara joão pessoa telefone,119,2536,4.69%,3.54
guanabara fortaleza natal,119,1972,6.03%,2.16
util ônibus,118,3492,3.38%,4.93
passagem guanabara teresina,118,1590,7.42%,1.13
comprar passagem de ônibus guanabara,118,1560,7.56%,1.05
guanabara sobral fortaleza,116,1590,7.3%,2.31
empresa guanabara passagem,116,1490,7.79%,1.77
comprar passagem na guanabara,116,1360,8.53%,1.09
guanabara uberlândia,115,2256,5.1%,2.47
guabanara,115,2042,5.63%,2.05
guanabara rápido federal,114,1301,8.76%,1.56
expresso guanabara fortaleza,113,1804,6.26%,1.93
empresa guanabara passagens,113,1290,8.76%,1.76
guanabarra,112,2929,3.82%,2.59
expresso guanabara recife,112,1900,5.89%,2.38
viageguanabara,112,1438,7.79%,1
guanabara aracati,111,1364,8.14%,3.15
viajem guanabara,111,1284,8.64%,1.01
guanabara teresina telefone,110,5524,1.99%,4.6
guanabara compra de passagem,110,1134,9.7%,1.02
guanabara camocim,109,3099,3.52%,2.55
guanabara tiangua,108,3044,3.55%,2.63
guanabara imperatriz,108,2959,3.65%,2.55
rastrear ônibus guanabara,108,2220,4.86%,4.43
real expresso onibus,107,4366,2.45%,6.41
viação util site oficial,107,1922,5.57%,2.71
guanabara encomendas,106,2594,4.09%,6.52
guanabara chapadinha,106,2284,4.64%,2.34
guanabara jericoacoara,105,2078,5.05%,2.11
real espresso,105,1156,9.08%,4.86
guanabara parnaíba,104,2609,3.99%,2.74
guanabars,104,1796,5.79%,2.01
viacaoguanabara,104,1187,8.76%,1
passagem de onibus guanabara preço,103,1568,6.57%,2.21
rapido federal passagem,102,4781,2.13%,8.04
consórcio guanabara,102,1432,7.12%,2.03
viagem guanabara passagem,102,1309,7.79%,1
viação util passagem,101,2409,4.19%,6.46
passagem de ônibus da guanabara,101,1307,7.73%,1.8
viaje util,101,1154,8.75%,1.2
passagem útil guanabara,101,1141,8.85%,1.18
guanabara online,100,10784,0.93%,6.52
guanabara ônibus telefone,100,3501,2.86%,3.41
guanabara onibus leito,100,1523,6.57%,3.44
passagens onibus guanabara,100,1432,6.98%,1.03
guanabara passagem fortaleza,100,638,15.67%,1.17
número da guanabara,99,5321,1.86%,4.59
guanabara cancelar passagem,99,1743,5.68%,3.47
site da viação guanabara,99,816,12.13%,1.01
passagem guanabara site oficial,98,933,10.5%,1
baixar aplicativo guanabara,98,753,13.01%,5.41
onibus guanabara util,97,2048,4.74%,2.33
localizar passagem guanabara,97,821,11.81%,2.31
www.expressoguanabara.com.br,97,812,11.95%,1
viação guanabara goiania,96,1677,5.72%,3.08
guanabara login,96,960,10%,2.06
guanabara piripiri,95,3383,2.81%,2.86
guananbara,95,1155,8.23%,1.45
https://viajeguanabara.com.br/,95,1032,9.21%,1
guanabara passagem idoso,95,1022,9.3%,3.7
empresa util,94,3299,2.85%,5.57
site guanabara util,94,809,11.62%,1
www.util.com.br,94,556,16.91%,1
expressoguanabara.com.br,94,488,19.26%,1
guanabara patos pb,93,4369,2.13%,4.89
contato guanabara,93,3224,2.88%,3.75
site da guanabara ônibus,92,1235,7.45%,1.02
viaje guanabra,92,838,10.98%,1
passagem juiz de fora rio de janeiro guanabara,92,806,11.41%,1.31
gratuidade guanabara,91,763,11.93%,3.68
telefone da empresa guanabara,90,6353,1.42%,4.59
guanabara feira de santana,90,2286,3.94%,1.34
util guanabara onibus,90,1149,7.83%,1.28
site viação guanabara,90,808,11.14%,1
imprimir passagem guanabara,90,775,11.61%,2.39
site expresso guanabara,90,750,12%,1.02
bus guanabara,90,431,20.88%,1.8
telefone da guanabara,89,6933,1.28%,4.7
onibus util,89,3976,2.24%,6
passagem expresso guanabara,89,2063,4.31%,1.39
passagem fortaleza natal guanabara,89,1541,5.78%,4.02
guanabara campina grande telefone,89,1093,8.14%,2.89
passagem guanabara sobral,89,506,17.59%,1.1
expresso guanabara telefone,88,3646,2.41%,3.6
guanabara aracaju,88,1859,4.73%,6.39
guanabara fortaleza mossoro,88,1395,6.31%,2.99
viagem guanabara .com.br,88,1299,6.77%,1.01
passagem fortaleza recife guanabara,88,864,10.19%,1.99
guanabara passagem id jovem,88,736,11.96%,3.88
guanabara limoeiro do norte,87,1402,6.21%,2.62
guanabara viação passagem,87,1215,7.16%,1.01
site util guanabara,87,576,15.1%,1.04
id jovem guanabara,86,6526,1.32%,6.62
onibus guanabara leito,86,4823,1.78%,5.64
site util,86,1723,4.99%,1.34
passagem de ônibus de fortaleza para recife guanabara,86,1196,7.19%,3.22
guanábara,85,919,9.25%,3.08
passagem para guaramiranga guanabara,85,487,17.45%,1.88
guanabara horario,84,10249,0.82%,6.83
passagens de ônibus para teresina guanabara,84,1831,4.59%,3.14
guichê guanabara,84,1626,5.17%,2.09
passagens de guanabara,84,1372,6.12%,1.11
guanabara: passagens tabela de preços,84,1159,7.25%,1.7
site guanabara passagem,84,1150,7.3%,1.04
passagem de guanabara para fortaleza,84,961,8.74%,1.91
passagem de ônibus de recife para são paulo guanabara,84,894,9.4%,1.61
guanabara russas,83,1617,5.13%,2.95
gusnabara,82,1904,4.31%,2.31
passagem de ônibus para brasília guanabara,82,1225,6.69%,2.57
consultar passagem guanabara,82,611,13.42%,2.18
localizador passagem guanabara,81,1701,4.76%,2.78
passagem guanabara recife fortaleza,81,681,11.89%,1.45
passagens da guanabara,80,1261,6.34%,1.04
expresso gunabara,80,534,14.98%,1.03
ônibus,79,57888,0.14%,10.33
site real expresso,79,1199,6.59%,2.83
guanabara empresa,79,933,8.47%,3.24
site do guanabara para comprar passagem,78,839,9.3%,1
viação guanabara ônibus,77,1174,6.56%,1.74
real.expresso,76,2099,3.62%,4.78
telefone viação guanabara,76,1684,4.51%,3.08
guaranabara,76,1539,4.94%,1.85
guanabara util telefone,75,2875,2.61%,2.71
guanabara fortaleza sobral,75,1269,5.91%,2.32
guanabara.com,75,575,13.04%,1.29
viacao guanabara util,74,550,13.45%,1.06
viacao util guanabara,74,447,16.55%,1.24
guanabara campo maior,73,974,7.49%,3.54
telefone da viação guanabara,72,2777,2.59%,3.28
util passagem de ônibus,72,2094,3.44%,5.5
expresso guanabara joão pessoa,72,1145,6.29%,2.74
passagem fortaleza guanabara,72,723,9.96%,1.1
site da util,71,1258,5.64%,2.37
viaje guanabara util,71,425,16.71%,1
www.guanabara.com.br,70,1071,6.54%,1.51
site oficial guanabara onibus,70,631,11.09%,1.27
viação util passagens,69,3155,2.19%,6.59
passagem de ônibus de fortaleza para são paulo guanabara,69,1452,4.75%,3.16
passagem de ônibus para são paulo guanabara,69,990,6.97%,1.63
remarcar passagem guanabara online,69,763,9.04%,2.9
expresso guanabar,69,477,14.47%,1.08
útil,68,14134,0.48%,9.62
guanabara caruaru,68,1747,3.89%,2.29
comprar passagem util,68,1099,6.19%,3.94
passagem viação guanabara,68,789,8.62%,1.07
guanabara viaçao,68,500,13.6%,1.09
exp guanab,68,73,93.15%,1
horario guanabara,67,6963,0.96%,7.19
real expresso.com.br,67,424,15.8%,1.97
leito guanabara,66,11284,0.58%,6.15
guanabaea,66,1502,4.39%,1.99
passagem online guanabara,66,1142,5.78%,1.84
passagem de ônibus salvador recife guanabara,66,1105,5.97%,3.71
passagens guanabara valor,66,1102,5.99%,1.99
viagem de guanabara,66,1084,6.09%,1.01
guanabara salvador recife,66,938,7.04%,1.58
guanabara transporte rodoviário,66,897,7.36%,1.86
passagem util guanabara,66,605,10.91%,1.06
guanabara guaramiranga,66,416,15.87%,1.77
fuanabara,65,1731,3.76%,2.15
passagem de ônibus para recife guanabara,65,837,7.77%,2.17
guanabará,65,637,10.2%,1.64
guanabara real expresso brasilia,65,619,10.5%,1.96
realexpresso.com.br,65,325,20%,1.29
guanabaa,64,1275,5.02%,1.84
guananara,64,1259,5.08%,2.03
grupo guanabara ônibus,64,1185,5.4%,3.75
guanabara passagens de onibus,64,576,11.11%,1.58
guanabara passagem gratuita,64,496,12.9%,3.67
ônibus guanabara horários,63,1936,3.25%,3.81
passagem de ônibus recife salvador guanabara,63,1468,4.29%,4.95
guanabara passagens tabela de preços 2024,63,885,7.12%,2.84
comprar passagem no guanabara,63,675,9.33%,1.02
telefone guanabara 0800,62,6418,0.97%,5.93
guanabara mossoro,62,1273,4.87%,2.21
guanabara passagens tabela de preços para fortaleza,62,882,7.03%,2.01
passagem de ônibus de brasília para são paulo guanabara,62,838,7.4%,2.08
passagem para joão pessoa ônibus guanabara,62,757,8.19%,2.68
viação guanabara sampaio,62,657,9.44%,1.62
onibus,61,33563,0.18%,12.13
passagem,61,17725,0.34%,14.52
huanabara,61,1169,5.22%,2.09
gauanabara,61,940,6.49%,2.16
passagem útil,60,1716,3.5%,3.79
guanabara uberaba,60,924,6.49%,3.18
via guanabara,60,804,7.46%,1.19
guanabara sampaio onibus,60,746,8.04%,1.73
expresso real guanabara,60,598,10.03%,1.63
alterar passagem guanabara,60,479,12.53%,3.09
passagens de ônibus,59,8346,0.71%,16.91
viacao util onibus,59,2066,2.86%,7.42
localizador de passagem guanabara,59,915,6.45%,2.56
passagem guanabara util,59,644,9.16%,1.05
viacao guanabara cancelar passagem,59,367,16.08%,2.75
guanabara sao luis ma,58,1832,3.17%,3.13
guanabara fortaleza teresina,58,1082,5.36%,2.15
guanaara,58,909,6.38%,1.87
passagens para sobral guanabara,58,790,7.34%,2.43
como comprar passagem no guanabara,58,642,9.03%,1.76
viação guanabara real expresso,58,470,12.34%,1.71
passagens viação guanabara,58,356,16.29%,1.06
guanabara leito cama,57,2357,2.42%,6.2
guanabara mossoró fortaleza,57,840,6.79%,4.38
rápido federal guanabara,57,821,6.94%,1.55
guanabara passagem de onibus,57,567,10.05%,1.12
www.realexpresso.com.br,57,332,17.17%,1.35
site oficial da empresa guanabara,57,228,25%,1.16
viagemguanabara,56,921,6.08%,1
guanabara recife salvador,56,878,6.38%,1.48
util passagem onibus,56,842,6.65%,5.9
guanabara venda de passagens,56,819,6.84%,1.2
aviação guanabara,56,806,6.95%,1.05
guanabara belo horizonte,56,783,7.15%,6.32
passagens guanabara joao pessoa,56,662,8.46%,1.29
guanabara brasília,55,1092,5.04%,1.98
passagem de joão pessoa para fortaleza guanabara,55,574,9.58%,3.26
guanabara executivo,54,2861,1.89%,3.51
guanabara crato,54,2609,2.07%,3.81
site oficial do guanabara,54,1465,3.69%,2.2
guanabara rodoviaria,54,1085,4.98%,2.23
expresso guanabara teresina,54,1027,5.26%,2.03
passagem guanabara para fortaleza,54,917,5.89%,1.96
www expresso guanabara com br passagem,54,829,6.51%,1.91
passagem de ônibus são luís guanabara,54,790,6.84%,2.79
passagem de ônibus brasília rio de janeiro guanabara,54,767,7.04%,1.98
viação guanabara leito,54,744,7.26%,2.83
comprar passagem da guanabara,54,728,7.42%,2.34
passagen guanabara,54,702,7.69%,1.35
ônibus recife joão pessoa guanabara,54,701,7.7%,2.43
www viagem guanabara,54,473,11.42%,1.29
guanabara onibus fortaleza,54,459,11.76%,1.09
passagem de onibus util,53,2248,2.36%,5.33
empresa guanabara fortaleza,53,821,6.46%,2.78
guanabara itapaje,53,677,7.83%,3.34
guanabara passagem para idoso,53,583,9.09%,2.72
expresso guanabara goiania,52,1769,2.94%,3.44
fortaleza recife guanabara,52,742,7.01%,2.03
viação guanabara salvador,52,741,7.02%,2.07
guanabara belém,52,706,7.37%,2.77
real expresso site,52,638,8.15%,3.27
passagem de ônibus para joão pessoa guanabara,52,571,9.11%,2.25
telefone do guichê da guanabara,52,448,11.61%,3.35
guanabara messejana,51,3815,1.34%,3.71
quero passagem guanabara,51,2422,2.11%,3.54
viação rapido federal,51,2350,2.17%,6.65
guanabara caxias ma,51,1658,3.08%,4.77
passagem de natal para fortaleza guanabara,51,1434,3.56%,5.49
guanabara anapolis,51,1429,3.57%,2.62
ônibus natal recife guanabara,51,1088,4.69%,3.61
passagem de recife para fortaleza guanabara,51,1039,4.91%,3.51
uanabara,51,761,6.7%,1.88
passagem para guanabara,51,511,9.98%,1.35
consorcio guanabara,51,339,15.04%,1.41
passagens para fortaleza ônibus,50,7552,0.66%,9.4
rápido federal passagens,50,2187,2.29%,6.93
ouvidoria guanabara,50,1169,4.28%,4.68
guanabafa,50,1119,4.47%,1.75
granabara,50,1016,4.92%,1.62
passagem guanabara sobral fortaleza,50,827,6.05%,2.51
guanabara quixadá,50,800,6.25%,3.19
ônibus guanabara passagem,50,793,6.31%,1.19
passagem id jovem guanabara,50,555,9.01%,3.83
guanabara ce,50,473,10.57%,1.14
passagem para rio de janeiro,49,10671,0.46%,19.86
clickbus guanabara,49,3225,1.52%,4.53
passagem recife fortaleza guanabara,49,713,6.87%,2.56
real guanabara expresso,49,537,9.12%,1.35
guanabarautil,49,470,10.43%,1.03
guanabara comprar online,49,395,12.41%,3.67
guanabara mudar passagem,49,366,13.39%,2.85
telefone da empresa de ônibus guanabara,48,1806,2.66%,4.21
passagens real expresso,48,1452,3.31%,6.14
guanabara são luís,48,1336,3.59%,2.7
rodoviária guanabara,48,1220,3.93%,2.2
rastrear onibus guanabara,48,925,5.19%,4.43
guanabara],48,858,5.59%,1.73
passagem guanabra,48,686,7%,1.36
passagens ônibus guanabara,48,400,12%,1.14
guanabara alterar passagem,48,389,12.34%,2.82
guanabara jijoca,47,1370,3.43%,3.08
passagem para parnaíba guanabara,47,1003,4.69%,3.41
guanabara curitiba,47,961,4.89%,3.53
brisa guanabara,47,825,5.7%,1.27
guanabara maranhão,47,719,6.54%,1.98
util.guanabara,47,630,7.46%,1.13
viacao guanabara brasilia,47,565,8.32%,1.86
passagens guanabara para fortaleza,47,558,8.42%,1.14
guanabara vitoria da conquista,47,501,9.38%,2.87
passagem real expresso guanabara,47,430,10.93%,1.36
emitir passagem guanabara,47,357,13.17%,1.86
viação guanabra,47,346,13.58%,1.01
guanabara rodoviária são luís,46,1754,2.62%,4.92
guaabara,46,1077,4.27%,2.16
guanabada,46,1053,4.37%,1.76
guanabara ceará,46,895,5.14%,1.84
vuanabara,46,892,5.16%,2
expresso guanabara ltda,46,766,6.01%,2.15
guanabara comprar passagem online,46,490,9.39%,1.04
viagem de onibus guanabara,46,484,9.5%,1.62
numero guanabara,45,4108,1.1%,4.73
guanabara real expresso telefone,45,2038,2.21%,4.54
guanabara irece,45,987,4.56%,2.28
linha de ônibus guanabara,45,962,4.68%,3.04
troca de passagem guanabara,45,808,5.57%,3.18
guanabaraa,45,780,5.77%,1.78
guanabara para fortaleza,45,777,5.79%,1.31
expresso guanabara belém,45,548,8.21%,2.05
passagem guanabara juazeiro do norte,45,519,8.67%,2.24
expresso guanabara comprar passagem,45,462,9.74%,1.15
viacao.guanabara,45,444,10.14%,1
real expresso comprar passagem,45,419,10.74%,7.06
comprar passagem de onibus,44,10089,0.44%,14.3
guanabara preços,44,2608,1.69%,7.44
como remarcar passagem guanabara,44,1249,3.52%,4.26
comprar passagem guanabara online,44,902,4.88%,1.82
guanabarq,44,852,5.16%,2.06
passagem guanabara teresina fortaleza,44,839,5.24%,2.73
a viação guanabara,44,726,6.06%,1.83
guanabara onibus brasilia,44,723,6.09%,1.6
aviacao guanabara,44,687,6.4%,1.02
viajeguanabara.com.br guanabara passagens,44,630,6.98%,1
guanabara empresa de onibus,44,518,8.49%,2.01
passagem fortaleza joão pessoa guanabara,44,461,9.54%,3.19
viação guanabara site oficial,44,369,11.92%,1.26
util.com,44,179,24.58%,2.13
rapido federal onibus,43,2256,1.91%,6.93
guanabara juazeiro do norte telefone,43,1616,2.66%,4.92
guanabara floriano,43,1561,2.75%,3.24
guanabara palmas,43,943,4.56%,1.87
guanabara abertos agora,43,934,4.6%,6.81
guanabara clickbus,43,884,4.86%,3.62
passagem de teresina para são luís guanabara,43,844,5.09%,4.74
total guanabara,43,789,5.45%,3.31
passagem fortaleza quixadá guanabara,43,681,6.31%,5.08
guaranaba,43,573,7.5%,2.2
viaje guanabara gratuidade,43,301,14.29%,2.66
guanabara humberto de campos,43,178,24.16%,2.96
passagens onibus,42,6559,0.64%,14.15
viagem de onibus,42,4846,0.87%,14.44
guanabara goiania,42,3845,1.09%,5.81
guanabara maraba,42,1217,3.45%,3.31
guanabara uberlandia,42,824,5.1%,2.08
passagem de ônibus de brasília para fortaleza guanabara,42,676,6.21%,3.51
guanabarw,42,604,6.95%,1.94
empresa onibus guanabara,42,571,7.36%,1.59
guanabara paraiba,42,416,10.1%,1.62
guanabra util,42,377,11.14%,1.03
expresso guanbara,42,343,12.24%,1.06
util.com.br colaborador,42,180,23.33%,1.56
guanabara bus brasil,42,113,37.17%,1.35
viaje,41,22397,0.18%,7.06
passagens de ônibus de teresina para fortaleza guanabara,41,842,4.87%,4.76
guanabara itapajé,41,662,6.19%,3.61
pasagem guanabara,41,643,6.38%,1.36
passagens de ônibus para natal guanabara,41,641,6.4%,2.43
util bus,41,639,6.42%,4.58
passagem de ônibus de são paulo para fortaleza guanabara,41,621,6.6%,2.63
guanabara: passagens tabela de preços 2025,41,535,7.66%,2.45
guanarbara,41,485,8.45%,1.78
expresso guanabara onibus,41,480,8.54%,1.93
guanabara recife joao pessoa,41,350,11.71%,2.21
aplicativo da guanabara,40,1401,2.86%,3.44
guanabara brasil,40,788,5.08%,7.33
guanabara teresina sao luis,40,665,6.02%,3.53
passagem de ônibus de recife para fortaleza guanabara,40,606,6.6%,3.17
guanabara[,40,480,8.33%,1.77
passagem para joão pessoa guanabara,40,456,8.77%,2.23
antecipar passagem guanabara,40,362,11.05%,2.64
expresso guanabarra,40,57,70.18%,1.02
sampaio viação,39,3623,1.08%,8.1
guanabara joão pessoa whatsapp,39,1719,2.27%,4.98
util transportes,39,1675,2.33%,4.62
telefone expresso guanabara,39,1652,2.36%,3.6
guanabara real expresso leito,39,1054,3.7%,4.7
passagem de fortaleza para teresina guanabara,39,958,4.07%,3.91
util viagens,39,881,4.43%,3.24
localizar onibus guanabara,39,785,4.97%,3.49
passagem de ônibus na guanabara,39,614,6.35%,1.65
guanabara teresina pi,39,590,6.61%,2.2
guanabara arcoverde,39,353,11.05%,3.07
guanabara aviação,39,319,12.23%,1.01
guanabara aviacao,39,287,13.59%,1.1
passagem rio de janeiro,38,13108,0.29%,18.7
passagem de onibus fortaleza,38,9250,0.41%,10.61
transportes guanabara,38,3562,1.07%,6.16
passagem para fortaleza onibus,38,3287,1.16%,9.09
whatsapp da guanabara,38,2707,1.4%,7.15
util guanabara telefone,38,1760,2.16%,2.81
como cancelar passagem guanabara,38,1221,3.11%,4.41
guanabara rodoviária interestadual de brasília telefone,38,1025,3.71%,4.23
util comprar passagem,38,936,4.06%,4.45
empresa de ônibus guanabara telefone,38,926,4.1%,3.4
guanabara caldas novas,38,792,4.8%,2.05
guanabara rastreio,38,704,5.4%,4.5
viajar guanabara,38,696,5.46%,1.01
guanabara jeri,38,656,5.79%,2.27
passagens na guanabara,38,596,6.38%,1.09
guanabara meia passagem,38,405,9.38%,3.27
útil útil,38,395,9.62%,6.68
passagem ônibus,37,6299,0.59%,17.66
aplicativo guanabara,37,4099,0.9%,7.42
agencia guanabara fortaleza,37,1298,2.85%,3.1
guanabara jaguaribe,37,1011,3.66%,3.62
guanabara rotas,37,869,4.26%,2.87
empresa util guanabara,37,841,4.4%,2.54
site da real expresso,37,762,4.86%,3.47
passagens de fortaleza para juazeiro do norte guanabara,37,724,5.11%,3.8
guanabara brejo santo,37,701,5.28%,2.24
rastrear ônibus de viagem guanabara,37,657,5.63%,2.9
guanabara pb,37,436,8.49%,1.36
site da expresso guanabara,37,406,9.11%,1.28
passagem de ônibus recife fortaleza guanabara,37,387,9.56%,2.66
rapido guanabara,37,350,10.57%,1.37
guanabra passagens,37,344,10.76%,1.03
passagem guanabara rio de janeiro,37,257,14.4%,1.24
leito cama guanabara,36,3510,1.03%,7.02
guanabara semi leito,36,3107,1.16%,5.89
guanabara campinas,36,1889,1.91%,11.36
guanabara sac,36,1437,2.51%,4.79
guanabara ônibus goiânia,36,1014,3.55%,2.65
guanabara passagens whatsapp,36,862,4.18%,5.13
viação sampaio site oficial,36,798,4.51%,6.08
empresa guanabara em fortaleza,36,751,4.79%,2.83
rastreio guanabara,36,631,5.71%,4.64
guanabara castanhal,36,609,5.91%,3.6
passagem de sobral para fortaleza guanabara,36,581,6.2%,3.91
guananabara,36,357,10.08%,2.04
passagens expresso guanabara,36,344,10.47%,1.52
www guanabara passagens com br,36,284,12.68%,1.07
passagem rapido federal,35,1828,1.91%,7.08
real expresso guanabara telefone,35,1633,2.14%,4.36
guanabara onibus brasil,35,1551,2.26%,3.98
guanabara onibus telefone,35,941,3.72%,3.11
guanabara uberlândia telefone,35,795,4.4%,3.36
gyanabara,35,667,5.25%,1.98
guanabara passagens fortaleza,35,566,6.18%,1.68
passagem de ônibus guanabara fortaleza,35,493,7.1%,1.97
viação guanabara novo rio,35,339,10.32%,1.83
onibus leito guanabara,34,5382,0.63%,6.41
app guanabara,34,4790,0.71%,6.66
passagem para fortaleza de ônibus,34,3657,0.93%,9.2
linha guanabara,34,2221,1.53%,4.5
rápido federal passagem,34,1720,1.98%,7.3
viacao real expresso,34,881,3.86%,6.41
guanabara recife telefone,34,662,5.14%,2.87
guanabara rodoviária,34,643,5.29%,2.19
passagem de ônibus para campina grande guanabara,34,618,5.5%,2.65
guanabara fortaleza jericoacoara,34,514,6.61%,3.87
passagens util guanabara,34,495,6.87%,1.07
site guanabara online,34,448,7.59%,2.35
guanaabara,34,425,8%,1.73
viaja guanabara,34,380,8.95%,1
guanabara passagens id jovem,34,294,11.56%,3.64
rastreamento guanabara,34,279,12.19%,3.59
localizador de bilhete guanabara,34,146,23.29%,2.14
viação,33,15382,0.21%,9.6
número do guanabara,33,3509,0.94%,6.25
guanabara app,33,2414,1.37%,6.24
guanabara brasília telefone,33,1028,3.21%,3.41
onibus guanabara real expresso,33,971,3.4%,2.67
passagens online guanabara,33,598,5.52%,1.15
guanabara valor da passagem,33,580,5.69%,2.37
guanabara rodoviária interestadual de brasília,33,533,6.19%,2.41
guanabaara,33,528,6.25%,1.75
passagem para iguatu guanabara,33,471,7.01%,3.14
viaje com guanabara,33,463,7.13%,1
passagem para sobral guanabara,33,416,7.93%,3.05
guanabara acopiara,33,346,9.54%,3.51
o site da guanabara,33,328,10.06%,1.63
passagem guanabara id jovem,33,282,11.7%,3.77
guanabara real.expresso,33,257,12.84%,1.38
guanabara acaraú,33,160,20.62%,5.53
passagem para o rio de janeiro,32,7001,0.46%,18.03
guanabara numero,32,2490,1.29%,4.38
sigla útil,32,1348,2.37%,5.97
atendimento guanabara,32,1297,2.47%,3.3
guanabara piracuruca,32,1045,3.06%,3.9
passagem de fortaleza para sobral guanabara,32,672,4.76%,4.71
guanabara fortaleza ce,32,668,4.79%,1.99
guanabsra,32,605,5.29%,2.13
real expresso site oficial,32,516,6.2%,3.34
ônibus joão pessoa recife guanabara,32,501,6.39%,3.85
empresa de transporte guanabara,32,470,6.81%,2.63
passagem de ônibus no guanabara,32,446,7.17%,1.9
passagem fortaleza teresina guanabara,32,444,7.21%,3.05
viaje guanabara telefone,32,433,7.39%,2.26
guanabara passagems,32,420,7.62%,1.02
site guanabara comprar passagem,32,310,10.32%,1
viaje guanabar,32,272,11.76%,1
onibus uberaba uberlandia,32,200,16%,27.5
passagens de onibus para fortaleza,31,1972,1.57%,8.4
empresa guanabara telefone,31,1505,2.06%,3.74
guanabara mossoró telefone,31,1070,2.9%,5.78
guanabara ico,31,719,4.31%,2.95
passagem de ônibus de natal para fortaleza guanabara,31,699,4.43%,4.94
expresso guanabara sobral,31,598,5.18%,2.95
expresso guanabara sao luis,31,592,5.24%,3.07
guanabrara,31,580,5.34%,1.76
passagem guanabara fortaleza recife,31,459,6.75%,2.12
guanabara troca de passagem,31,389,7.97%,3.09
guanabaraexpress,31,343,9.04%,3.81
gua,30,2808,1.07%,20.74
real expresso uberlândia,30,2679,1.12%,8.72
horário de ônibus guanabara,30,2256,1.33%,5.85
passagem sobral fortaleza,30,1520,1.97%,5.65
útil onibus,30,1329,2.26%,5.93
guanabara taguatinga,30,954,3.14%,3.44
guanabara util leito,30,781,3.84%,4.08
util bus brazil,30,731,4.1%,4.07
ônibus de viagem guanabara,30,723,4.15%,1.61
guanabara uberaba telefone,30,640,4.69%,2.5
acompanhar onibus guanabara,30,624,4.81%,4.09
fortaleza natal guanabara,30,567,5.29%,3.47
guanabara sao paulo,30,548,5.47%,2.39
passagem para mossoró guanabara,30,542,5.54%,2.79
fortaleza sobral guanabara,30,532,5.64%,3.39
expresso guanabara salvador,30,531,5.65%,2.23
viação guanabara uberlândia,30,423,7.09%,2.65
ônibus joão pessoa natal guanabara,30,411,7.3%,5.11
viaçãoguanabara,30,303,9.9%,1.24
guanabara barbalha,30,241,12.45%,3.96
passagem guanabara belem,30,212,14.15%,1.57
whatsapp expresso guanabara,29,1461,1.98%,6.17
telefone da expresso guanabara,29,1334,2.17%,3.99
guanabara cargas,29,735,3.95%,9
passagem para aracati guanabara,29,611,4.75%,4.04
viacaoutil,29,503,5.77%,2.57
trabalhe conosco expresso guanabara,29,483,6%,9.34
passagens do guanabara,29,458,6.33%,1.01
mudar passagem guanabara,29,451,6.43%,3.2
gguanabara,29,424,6.84%,1.75
passagem idoso guanabara,29,410,7.07%,3.6
guanabara ribeirao preto,29,342,8.48%,5.24
utilguanabara,29,328,8.84%,1.05
real expresso guanabara onibus,29,268,10.82%,1.57
gunabara util,29,265,10.94%,1.04
guanabara natal recife,29,224,12.95%,1.86
guanabara - passagem,29,185,15.68%,1.04
guanabara localizar passagem,29,174,16.67%,2.16
passagem de onibus para rio de janeiro,28,4465,0.63%,20.18
horário do ônibus guanabara hoje,28,1935,1.45%,6.05
guanabara santa inês,28,1152,2.43%,3.99
número guanabara,28,1100,2.55%,4.15
util cabo frio,28,966,2.9%,5.93
real expreso,28,593,4.72%,4.19
viacao guanabara belo horizonte,28,530,5.28%,1.85
guanabara viação telefone,28,520,5.38%,3.09
passagem para recife guanabara,28,506,5.53%,1.88
comprar passagem guanabara whatsapp,28,501,5.59%,4.31
guanabara linha de ônibus,28,485,5.77%,3.3
guanabara guichê,28,475,5.89%,1.97
passagens para jericoacoara ônibus guanabara,28,448,6.25%,2.72
expresso util,28,421,6.65%,1.64
guanabara ceara,28,402,6.97%,1.51
guanabara comprar passagens,28,379,7.39%,1.04
passagem para sao paulo guanabara,28,354,7.91%,1.03
guanabara passagem para fortaleza,28,344,8.14%,2.08
viavao guanabara,28,336,8.33%,1.02
passagens de onibus para fortaleza guanabara,28,312,8.97%,1.88
passagem fortaleza belém guanabara,28,312,8.97%,2.03
comprar passagem pela guanabara,28,270,10.37%,1.12
guanabra onibus,28,268,10.45%,1.05
expresso guanabara oficial,28,258,10.85%,1.06
passagem para cabo frio util,27,841,3.21%,7.38
reclamação guanabara,27,840,3.21%,5.22
fortaleza guanabara,27,647,4.17%,1.92
passagem de juazeiro do norte para fortaleza guanabara,27,561,4.81%,3.84
sobral fortaleza guanabara,27,536,5.04%,2.78
guichê virtual guanabara,27,505,5.35%,1.64
guanabara tiete,27,501,5.39%,1.93
guanabara juiz de fora telefone,27,437,6.18%,3.12
passagens guanabara online,27,423,6.38%,1.02
guannabara,27,403,6.7%,1.95
guanabara comprar,27,369,7.32%,1.44
viação real expresso guanabara,27,324,8.33%,2.45
buscar passagem guanabara,27,295,9.15%,1.76
passagem para flecheiras guanabara,27,238,11.34%,3.04
leito premium guanabara,26,7677,0.34%,7.95
onibus para fortaleza,26,3586,0.73%,8.8
número de telefone da empresa guanabara,26,1656,1.57%,5.09
whatsapp guanabara fortaleza,26,1585,1.64%,5.68
guanabara sobral telefone,26,1129,2.3%,4.09
guanabara goiânia telefone,26,1036,2.51%,4
rota guanabara,26,881,2.95%,3.35
hguanabara,26,684,3.8%,1.8
meia passagem guanabara,26,599,4.34%,4
guanabara teresina parnaíba,26,567,4.59%,4.37
guanabta,26,554,4.69%,1.84
empresa guanabara util,26,470,5.53%,2.47
passagem para camocim guanabara,26,418,6.22%,4.7
guanabara santos,26,394,6.6%,2.3
guanabara fortaleza joao pessoa,26,390,6.67%,2.63
viação guanabara recife,26,377,6.9%,2.41
compra de passagens guanabara,26,315,8.25%,1.12
guanabraa,26,298,8.72%,1.75
guanabara joao pessoa recife,26,283,9.19%,3.04
passagem para natal guanabara,26,259,10.04%,2.03
site do guanabara oficial,26,217,11.98%,1.29
comprar passagem guanabara fortaleza,26,207,12.56%,1.23
onibus uberlandia uberaba,26,144,18.06%,26.69
telefone do guanabara,25,2300,1.09%,6.3
guanabara juazeiro do norte whatsapp,25,1996,1.25%,7.41
guanabara bh,25,1752,1.43%,6.13
passagem de ônibus de fortaleza para são paulo,25,1500,1.67%,9.16
guanabara telefone fortaleza,25,1174,2.13%,3.74
passagem guanabara fortaleza sobral,25,638,3.92%,3.59
passagem natal fortaleza guanabara,25,585,4.27%,3.18
passagem de ônibus para goiânia guanabara,25,388,6.44%,1.95
real expresso ônibus,25,335,7.46%,7.81
login guanabara,25,291,8.59%,2.3
natal fortaleza guanabara,25,276,9.06%,2.86
comprar passagem de onibus guanabara,25,263,9.51%,1.11
guanabara porto alegre,25,247,10.12%,3.99
viação útil guanabara,25,236,10.59%,1.45
guanabara viajem,25,225,11.11%,1
site guanabara onibus,25,186,13.44%,1.47
semi leito guanabara,24,8553,0.28%,7.11
onibus fortaleza recife,24,2770,0.87%,8.94
horario onibus guanabara,24,1719,1.4%,5.48
passagens de ônibus para fortaleza,24,1668,1.44%,7.94
passagem de onibus recife fortaleza,24,1504,1.6%,6.83
whatsapp do guanabara,24,1207,1.99%,7.21
sampaio passagem,24,858,2.8%,9.28
expresso guanabara natal,24,663,3.62%,2.97
agência guanabara em fortaleza,24,634,3.79%,3.13
guanabara juazeiro,24,633,3.79%,2.01
viaje guanabara é confiável,24,614,3.91%,4.74
ouvidoria guanabara onibus,24,560,4.29%,4.39
passagem de iguatu para fortaleza guanabara,24,554,4.33%,6.69
passagem para teresina guanabara,24,467,5.14%,2.67
passagem de fortaleza para russas guanabara,24,383,6.27%,5.07
viagens guanabara.com.br,24,380,6.32%,1.01
passagem de teresina para fortaleza guanabara,24,372,6.45%,4.39
passagem belo horizonte rio de janeiro guanabara,24,342,7.02%,1.41
guanabara agencia,24,313,7.67%,2.75
expresso guanabara site,24,296,8.11%,1.39
guanabara destinos,24,296,8.11%,2.08
guanabara imprimir passagem,24,259,9.27%,2.19
passagem de ônibus do guanabara,24,255,9.41%,1.68
onibus passagem,23,4557,0.5%,15.97
ônibus executivo guanabara,23,2924,0.79%,5.25
onibus guanabara semi leito,23,2079,1.11%,5.47
guanabara cama,23,1922,1.2%,6.74
guanabara horarios,23,1705,1.35%,4.96
auto viação util,23,1271,1.81%,5.6
passagem de são luís para teresina guanabara,23,955,2.41%,5.93
rotas guanabara,23,829,2.77%,3.78
guanabara atendimento,23,735,3.13%,3.49
guanabara passagens telefone,23,698,3.3%,3.39
guanabara telefone rodoviária df,23,654,3.52%,3.51
guanabara tianguá,23,612,3.76%,3.1
guanabaras,23,570,4.04%,3.49
guanar,23,514,4.47%,2.39
meu guanabara,23,491,4.68%,6.78
guanabara teresina parnaiba,23,485,4.74%,6.62
viação guanabara rio de janeiro,23,482,4.77%,2.42
guanabara fortaleza guaramiranga,23,429,5.36%,2.12
passagens no guanabara,23,378,6.08%,1.13
guanabbara,23,350,6.57%,1.85
segunda via passagem guanabara,23,329,6.99%,3.44
passgem guanabara,23,327,7.03%,1.28
passagem gunabara,23,318,7.23%,1.27
guanabara fortaleza parnaiba,23,270,8.52%,3.68
passagem gratuita guanabara,23,244,9.43%,4.72
expresso guanaba,23,231,9.96%,1.05
guanabara viação sampaio,23,191,12.04%,1.79
passagem rio de janeiro ônibus,22,4049,0.54%,18.14
passagens para fortaleza ônibus valor,22,2194,1%,9.88
sampaio onibus,22,1711,1.29%,8.32
passagem da util,22,785,2.8%,5.15
passagem para picos piauí guanabara,22,666,3.3%,3.08
passagem de ônibus belém fortaleza guanabara,22,619,3.55%,4.76
telefone guanabara onibus,22,615,3.58%,3.3
passagem de fortaleza para limoeiro do norte guanabara,22,527,4.17%,4.44
viagemguanabara.com.br,22,456,4.82%,1.44
número de telefone da viação guanabara,22,426,5.16%,3.28
passagem de ônibus de fortaleza para brasília guanabara,22,418,5.26%,3.34
passagem teresina fortaleza guanabara,22,397,5.54%,3.22
guanabara jf,22,357,6.16%,1.8
passagem de fortaleza para recife guanabara,22,354,6.21%,2.88
passagens guanabra,22,352,6.25%,1.03
viaje guanabara.com.br,22,290,7.59%,1.38
comprar passagem expresso guanabara,22,287,7.67%,2.13
remarcar viagem guanabara,22,268,8.21%,2.96
viacao guanabra,22,260,8.46%,1
expresso,21,17739,0.12%,57.03
ônibus do guanabara,21,1954,1.07%,3.91
telefone guanabara teresina,21,1876,1.12%,4.96
expresso real,21,1670,1.26%,8.49
transportadora guanabara,21,1542,1.36%,7.86
passagem de fortaleza para sobral,21,1244,1.69%,6.56
passagem de onibus fortaleza sao paulo,21,1165,1.8%,8.11
util empresa de onibus,21,1154,1.82%,7.78
telefone util guanabara,21,996,2.11%,2.78
util passagens de ônibus,21,933,2.25%,6.92
telefone empresa guanabara,21,856,2.45%,3.6
guanabara mombaça,21,797,2.63%,4.11
como trocar passagem guanabara,21,759,2.77%,4
passagem de fortaleza para parnaíba guanabara,21,708,2.97%,5.74
viagem util,21,577,3.64%,3.13
vendas de passagem guanabara,21,553,3.8%,2.35
guanabara bom jesus da lapa,21,536,3.92%,3.06
expresso guanabara brasilia,21,480,4.38%,1.98
passagem de campina grande para fortaleza guanabara,21,456,4.61%,3.33
onibus guanabara fortaleza,21,442,4.75%,1.21
venda de passagens guanabara,21,430,4.88%,1.74
teresina fortaleza guanabara,21,426,4.93%,3.05
telefone guanabara uberlândia,21,412,5.1%,3.52
recife fortaleza guanabara,21,377,5.57%,2.4
auto viação sampaio,21,327,6.42%,8.66
guanabara fortaleza salvador,21,318,6.6%,2.07
guanabara urbano santos,21,289,7.27%,2.24
adiar passagem guanabara,21,276,7.61%,3.47
minha passagem guanabara,21,236,8.9%,1.96
guanabara real,21,231,9.09%,3.19
passagem para fortaleza de ônibus guanabara,21,222,9.46%,1.94
vai de guanabara,21,178,11.8%,1.58
expresso guanabara.,21,130,16.15%,1.18
viacao,20,9714,0.21%,9.34
passagem de ônibus para são paulo,20,4768,0.42%,22.38
ônibus de viagem,20,3098,0.65%,14.9
horarios guanabara,20,2733,0.73%,6.22
número da empresa guanabara,20,1928,1.04%,5.15
contato guanabara fortaleza,20,843,2.37%,3.92
guanabara tutoia,20,833,2.4%,6.57
guanabara antônio bezerra,20,788,2.54%,4.8
encomendas guanabara,20,748,2.67%,6.6
util - grupo guanabara,20,732,2.73%,2.76
telefone guanabara goiania,20,602,3.32%,3.95
guanabara rastrear onibus,20,591,3.38%,3.59
rodoviaria guanabara,20,433,4.62%,2.24
passagem de fortaleza para mossoró guanabara,20,427,4.68%,5.56
guanabara piaui,20,415,4.82%,1.49
util site oficial,20,391,5.12%,1.86